{
  "assetsByChunkName": {
    "vendors~app-account~app-checkout~app-confirmation~app-order": "chunk.ee4cde353122579a60bb.js",
    "vendors~app-account~app-confirmation~app-order": "chunk.5131b08b9ced84e864f7.js",
    "vendors~app-account~app-checkout": "chunk.1aafade138e6ab360054.js",
    "admin": [
      "admin.1072733f991c3ef919d8.js",
      "admin.1072733f991c3ef919d8.js.map"
    ],
    "app-account": "chunk.7a41a78a94d0c61b1bd9.js",
    "app-confirmation": "chunk.bddd5b949919d741192f.js",
    "app-order": "chunk.7cde6e17ed1ac91da5ad.js",
    "checkout": [
      "checkout.17ef6180f351a206f2cc.js",
      "checkout.17ef6180f351a206f2cc.js.map"
    ],
    "storefront": [
      "storefront.409595740ee79c585c3b.css",
      "storefront.1d9eb03953060cbc2463.js",
      "storefront.409595740ee79c585c3b.css.map",
      "storefront.1d9eb03953060cbc2463.js.map"
    ],
    "vendors~app-cart": "chunk.bdd1fad3cf3ee71faaf2.js",
    "vendors~app-checkout": "chunk.b9477fff4b4a76f24207.js"
  }
}